id,title,source,url,pages,format,meal_role,variant_family,household_notes,copies
core-001,Doro Wat (Ethiopian Chicken),Allrecipes,https://www.allrecipes.com/recipe/246340/doro-wat-ethiopian-chicken-dish/?printview,1-3,text,dinner,,,
core-002,Authentic Injera,The Daring Gourmet,https://www.daringgourmet.com/authentic-injera-ethiopian-flatbread/,4-6,text,bread,injera,,
core-003,Rosemary Shortbread Cookies,Cookbook (scan),,7-8,scanned image,dessert,,Handwritten: Awesome,
core-004,Steamed Spring Rolls,NDTV Food / Women's Weekly booklet,,10,designed booklet,side,,,
core-005,Steamed Sandesh,NDTV Food / Women's Weekly booklet,,11,designed booklet,dessert,,,
core-006,Steamed Prawns,NDTV Food / Women's Weekly booklet,,12,designed booklet,dinner,,,
core-007,Steamed Chinese Cabbage Parcels,NDTV Food / Women's Weekly booklet,,13,designed booklet,dinner,,,
core-008,Chicken Momos,NDTV Food / Women's Weekly booklet,,14,designed booklet,dinner,,,
core-009,Mixed Vegetable Crumble,NDTV Food / Women's Weekly booklet,,15-16,designed booklet,side,,Two versions: serves 8 and serves 15,
core-010,Steamed Snapper with Fish Sauce,NDTV Food / Women's Weekly booklet,,17,designed booklet,dinner,,,
core-011,Xiao Long Bao,NDTV Food / Women's Weekly booklet,,18,designed booklet,dinner,,,
core-012,Steamed Pork Buns,NDTV Food / Women's Weekly booklet,,19,designed booklet,dinner,,,
core-013,Apricot and Walnut Brown Rice Stuffing,Unknown,,21,text,side,,,p169 copy
core-014,Beef Enchilada Casserole,Recipes Worth Repeating,,22,tall web capture,dinner,,,
core-015,Berry-Almond Clafouti,WW,,23,tall web capture,dessert,,,
core-016,Vegetarian Antipasto Salad,Good Housekeeping,,24,tall web capture,lunch,,Also saved in notebook p109,p109 copy
core-017,Cauliflower Rice Lunch Bowl with Sweet Potatoes and Chickpeas,web print,,25-26,text,lunch,,Lunch prep-ahead candidate,
core-018,"Cheese Tortellini with Salami, Mozzarella, and Marinated Veggies",web print,,27-28,text,lunch,,,
core-019,Chocolate Cake in a Mug,Food Network (Ree Drummond),https://www.foodnetwork.com/recipes/ree-drummond/chocolate-cake-in-a-mug-3158576,29,text,dessert,,,
core-020,Crispy Salmon with Warm French Lentil Salad,WW,,30,tall web capture,dinner,,,
core-021,Crispy Sheet Pan Gnocchi and Veggies,The Kitchn,,31-32,text,dinner,,Also in notebook p114,p114 copy
core-022,Kourabiedes (Greek Butter Cookies),My Greek Dish,https://www.mygreekdish.com/recipe/kourabiedes-greek-christmas-butter-cookies/print/250072/,33-35,text,dessert,,,
core-023,Chicken Shawarma,The Mediterranean Dish,,36-38,text,dinner,,,
core-024,Easy Shakshuka,The Mediterranean Dish,https://www.themediterraneandish.com/shakshuka-recipe/,39-40,text,dinner,shakshuka,Make-ahead sauce tip,p122-124 copy
core-025,Quick Injera,Kitchen Frau,,41,tall web capture,bread,injera,One of four recipes on one captured page,3rd injera recipe
core-026,Misir Wat (Lentil Stew),Kitchen Frau,,41,tall web capture,dinner,,,
core-027,Zigni Wat (Spicy Ground Beef),Kitchen Frau,,41,tall web capture,dinner,,,
core-028,Gomen Wat (Creamed Spinach),Kitchen Frau,,41,tall web capture,side,,,
core-029,French Style Double Chocolate Ice Cream,Nourish and Fete,https://www.nourish-and-fete.com/wprm_print/french-style-double-chocolate-ice-cream,42-43,text,dessert,,,
core-030,Fried Potatoes and Sausage Skillet,web print,,44-45,text,dinner,,,
core-031,Green Mango Chutney,Kosher Cowboy,https://koshercowboy.com/wprm_print/green-mango-chutney,46-49,text,condiment,,,
core-032,Sourdough Bread,The Kitchn,,50-51,tall web capture,bread,sourdough,"Long tutorial, not a short recipe",
core-033,Injera,The Spruce Eats,https://www.thespruceeats.com/dairy-free-injera-1000599?print,52-54,text,bread,injera,,2nd injera recipe
core-034,Italian Wedding Soup with Turkey Meatballs,NYT Cooking,https://cooking.nytimes.com/recipes/1019925-italian-wedding-soup-with-turkey-meatballs,55-56,text,soup,,Soup prep-ahead candidate,
core-035,Lemon Butter Pasta & Veggies,The Kitchn,https://www.thekitchn.com/lemon-butter-pasta-vegetables-260357,58-59,text,dinner,,,
core-036,Make-Ahead Spinach and Feta Egg Casserole,The Kitchn,,60-61,text,breakfast,,Make-ahead,
core-037,Coconut Milk Chicken Adobo,NYT Cooking,,66-67,"text, title in image",dinner,,,
core-038,Butternut Squash Soup,NYT Cooking,,68-69,"text, title in image",soup,,Handwritten shopping list beside it,
core-039,Balsamic Roasted Chicken with Peaches,NYT Cooking,,70-71,"text, title in image",dinner,,Handwritten: look at NYT for modifications,
core-040,Moroccan Shakshuka,NYT Cooking,,72-73,"text, title in image",dinner,shakshuka,Handwritten shopping list,p111 copy
core-041,Chicken Lo Mein,NYT Cooking,,74-75,"text, title in image",dinner,,Handwritten shopping list,
core-042,Pork Tenderloin,NYT Cooking,,76-77,"text, title in image",dinner,,,
core-043,Crispy Gnocchi with Sausage and Broccoli,NYT Cooking,,79,"text, title in image",dinner,,,
core-044,Jalapeno-Orange Pork Tenderloin with Snap Peas,NYT Cooking,,"80, 106-107","text, title in image",dinner,,Handwritten: Excellent,
core-045,Pork Dumplings,Allrecipes,https://www.allrecipes.com/recipe/14759/pork-dumplings/?print,81-82,text,dinner,,Makes 100; freezer candidate,
core-046,Spiced Chicken and Rice with Cardamom and Cinnamon,NYT Cooking,,"84, 87","text, title in image",dinner,,"Handwritten: OK, not great",
core-047,Fragrant Coconut Chicken and Sweet Potato,NYT Cooking,,85-86,"text, title in image",dinner,,Handwritten shopping list,
core-048,The Best Black Bean Burgers,Sally's Baking Addiction,https://sallysbakingaddiction.com/best-black-bean-burgers/,88,text,dinner,,,
core-049,Grilled Bruschetta Chicken,Once A Month Meals,,89,notebook screenshot,dinner,,Handwritten: x2 (freezer),
core-050,Sheet Pan Pork Chops,Once A Month Meals,,89,notebook screenshot,dinner,,,
core-051,"Turkey, Chicken and Goat Cheese Enchiladas",Once A Month Meals,,89,notebook screenshot,dinner,,Handwritten: x2 (freezer),
core-052,Seasoned Broccoli,Once A Month Meals,,90,notebook screenshot,side,,,
core-053,Kale Soup with Potatoes and Sausage,NYT Cooking,,91,notebook screenshot,soup,,,
core-054,Pad Krapow Gai (Thai Basil Chicken),NYT Cooking,,92,notebook screenshot,dinner,,,
core-055,Slow-Cooker Butter Chicken (NYT),NYT Cooking,https://cooking.nytimes.com/recipes/1018803-slow-cooker-butter-chicken?q=butter%20chicken%20,"93, 147-148",notebook screenshot,dinner,butter-chicken,Freezer meal #3; handwritten list,p147 print copy
core-056,Sweet Summer Vegetable Enchiladas,Once A Month Meals,,94,notebook screenshot,dinner,,,
core-057,Instant Pot Opelousas,The Bearded Hiker,,95,notebook screenshot,dinner,,Handwritten shopping list,
core-058,Crockpot Chipotle Lime Black Bean Soup,Katrina Runs For Food,,"90, 96",notebook screenshot,soup,,,
core-059,Slow Cooker Sunday Sloppy Joes,Once A Month Meals,,"97-98, 135, 146",text,dinner,,Freezer meal #1,"saved 5 times (83, 97, 110, 135, 146)"
core-060,Brodo di Pollo con Pastina (Chicken Soup with Pastina),NYT Cooking,,99,notebook screenshot,soup,,,
core-061,Slow Cooker Butter Chicken (You Brew My Tea),You Brew My Tea,,100,notebook screenshot,dinner,butter-chicken,Second butter chicken version,
core-062,Crema Volteada,Amigo Foods,https://blog.amigofoods.com/index.php/wp-json/mv-create/v1/creations/12/print,101-104,text,dessert,,,
core-063,Chocolate Whiskey Cake,NYT Cooking,,112,notebook screenshot,dessert,,,
core-064,Zuppa Toscana with Cauliflower and Kale,Diabetes Food Hub,https://diabetesfoodhub.org/recipes/zuppa-toscana-cauliflower-and-kale,112,notebook screenshot,soup,,,
core-065,One-Pot Chicken Meatballs with Greens,NYT Cooking,,113,notebook screenshot,dinner,,Handwritten shopping list,
core-066,Make-Ahead Mediterranean Egg Casserole,The Kitchn,,115,notebook screenshot,breakfast,,"Freezer meal #2 (bake, freeze in squares)",
core-067,Rhubarb Raspberry Cobbler with Cornmeal Biscuits,NYT Cooking,,116,notebook screenshot,dessert,,,
core-068,Slow Cooker Thai Chicken,WW,https://cmx.weightwatchers.com/details/WWRECIPE:5626a63ca6d5b39610701a4f,117-119,text,dinner,,,
core-069,Lemony Orzo with Asparagus and Garlic Bread Crumbs,NYT Cooking,,120,notebook screenshot,dinner,,Handwritten shopping list,
core-070,Mediterranean Quinoa Salad,The Kitchn,https://www.thekitchn.com/quinoa-salad-22955988,125-126,text,lunch,,Make ahead 1 day,
core-071,Middle Eastern Inspired Chicken Bowls,Souper Cubes blog,,129,tall web capture,lunch,,"Freezer components (chicken, quinoa, chickpeas)",
core-072,Middle Eastern Zucchini Baked Omelet (Eggah bi Kousa),The Mediterranean Dish,,130-132,text,breakfast,,,
core-073,One-Pot Eggplant Caponata Pasta,The Kitchn,https://www.thekitchn.com/one-pot-eggplant-caponata-pasta-recipe-23048101,133-134,text,dinner,,,
core-074,Orzo Salad,The Kitchn,,136-137,text,lunch,,,
core-075,Pad Thai,web print,,138-139,tall web capture,dinner,,,
core-076,Peach Compote (pressure cooker),web print,,140,text,condiment,,,
core-077,Chocolate Ice Cream Base,Washington Post,,141,tall web capture,dessert,,,
core-078,Sausage-and-Peppers Stuffed Eggplant,The Kitchn,https://www.thekitchn.com/sausage-and-peppers-stuffed-eggplant-23396089,142-143,text,dinner,,,
core-079,Sheet Pan Pistachio-Crusted Cod with Fall Vegetables,web print,,144-145,text,dinner,,,
core-080,Sourdough Bread: A Beginner's Guide,The Clever Carrot,,149-152,tall web capture,bread,sourdough,Long tutorial,2nd sourdough guide
core-081,Icelandic Lamb Soup (Kjotsupa),Your Friend in Reykjavik booklet,,156-157,designed booklet,soup,,,
core-082,Breaded Icelandic Cod (Fiskur i raspi),Your Friend in Reykjavik booklet,,158,designed booklet,dinner,,,
core-083,Fishballs (Fiskibollur),Your Friend in Reykjavik booklet,,159,designed booklet,dinner,,,
core-084,Icelandic Fish Stew (Plokkfiskur),Your Friend in Reykjavik booklet,,160,designed booklet,dinner,,,
core-085,Licorice Tops (Lakkristoppar),Your Friend in Reykjavik booklet,,161,designed booklet,dessert,,,
core-086,Marriage Bliss (Hjonabandssaela),Your Friend in Reykjavik booklet,,162,designed booklet,dessert,,,
core-087,Icelandic Cinnamon Buns (Sukkuladisnudar),Your Friend in Reykjavik booklet,,163,designed booklet,dessert,,,
core-088,Almond Porridge (Mondlugrautur),Your Friend in Reykjavik booklet,,164,designed booklet,dessert,,,
core-089,Fried Pastry Twists (Kleinur),Your Friend in Reykjavik booklet,,165,designed booklet,dessert,,,
core-090,Icelandic Rye Bread (Rugbraud),Your Friend in Reykjavik booklet,,166,designed booklet,bread,,,
core-091,Icelandic Pancakes (Islenskar ponnukokur),Your Friend in Reykjavik booklet,,167,designed booklet,dessert,,,
core-092,Vegetarian Stuffed Sweet Potatoes,The Kitchn,https://www.thekitchn.com/vegetarian-stuffed-sweet-potatoes-266862,170-171,text,dinner,,Not in the PDF bookmarks (hidden in smoothie file),
core-093,Chocolate Casein Smoothies (5 variations),Personal document,,172-174,text,snack,,"One document, 5 short recipes",
