canonical_name,aliases,section,density_g_per_ml,default_unit,shelf_life_days,pack_size,pack_unit,staple
onion,yellow onion;white onion;brown onion,produce,,,30,,,
red onion,purple onion,produce,,,30,,,
shallot,,produce,,,30,,,
green onion,scallion;spring onion;scallions;green onions,produce,,,7,1,bunch,
leek,,produce,,,14,,,
garlic,garlic clove;clove garlic;cloves garlic,produce,,clove,60,,,
ginger,fresh ginger;ginger root;gingerroot,produce,,,21,,,
potato,russet potato;yukon gold potato;gold potato;baby potato;new potato,produce,,lb,30,5,lb,
sweet potato,yam,produce,,,21,,,
carrot,,produce,,,21,2,lb,
celery,celery rib;celery ribs,produce,,stalk,14,1,head,
bell pepper,red bell pepper;green bell pepper;yellow bell pepper;orange bell pepper;red pepper;green pepper;sweet pepper,produce,,,7,,,
jalapeño,jalapeno;jalapeño pepper;jalapeno pepper,produce,,,10,,,
serrano pepper,serrano,produce,,,10,,,
poblano pepper,poblano,produce,,,7,,,
thai chile,bird's eye chili;thai chili;red chili;red chile,produce,,,7,,,
tomato,roma tomato;plum tomato;vine tomato,produce,,,7,,,
cherry tomato,grape tomato;cherry tomatoes;grape tomatoes,produce,,cup,7,10,oz,
cucumber,english cucumber;persian cucumber,produce,,,7,,,
zucchini,courgette,produce,,,7,,,
yellow squash,summer squash,produce,,,7,,,
butternut squash,,produce,,,60,,,
eggplant,aubergine;japanese eggplant,produce,,,7,,,
broccoli,broccoli florets;broccoli crown,produce,,,7,,,
cauliflower,cauliflower florets,produce,,,10,,,
cauliflower rice,riced cauliflower,produce,,cup,5,12,oz,
cabbage,green cabbage;red cabbage,produce,,,30,,,
napa cabbage,chinese cabbage;wombok,produce,,,10,,,
bok choy,baby bok choy;pak choi,produce,,,5,,,
brussels sprouts,brussel sprouts,produce,,,7,,,
asparagus,,produce,,,4,1,bunch,
green beans,string beans;haricots verts,produce,,,7,,,
snap peas,sugar snap peas;snow peas,produce,,,5,,,
peas,green peas;frozen peas,frozen,,cup,180,12,oz,
corn,corn kernels;sweet corn;frozen corn,frozen,,cup,180,12,oz,
spinach,baby spinach,produce,0.13,cup,5,5,oz,
kale,lacinato kale;tuscan kale;curly kale,produce,,bunch,7,1,bunch,
arugula,rocket,produce,,cup,5,5,oz,
lettuce,romaine;romaine lettuce;iceberg lettuce;butter lettuce,produce,,,7,,,
mixed greens,salad greens;spring mix,produce,,cup,5,5,oz,
collard greens,collards,produce,,bunch,5,1,bunch,
swiss chard,chard,produce,,bunch,5,1,bunch,
mushroom,button mushroom;cremini mushroom;baby bella mushroom;white mushroom,produce,,oz,7,8,oz,
shiitake mushroom,shiitake,produce,,oz,7,,,
avocado,,produce,,,5,,,
lemon,,produce,,,21,,,
lime,,produce,,,21,,,
orange,,produce,,,21,,,
apple,,produce,,,30,,,
banana,,produce,,,5,,,
peach,,produce,,,5,,,
mango,green mango;unripe mango,produce,,,7,,,
pear,,produce,,,10,,,
rhubarb,,produce,,,7,,,
strawberry,strawberries,produce,,cup,5,1,lb,
raspberry,raspberries,produce,,cup,3,6,oz,
blueberry,blueberries,produce,,cup,7,6,oz,
mixed berries,berries;frozen berries,frozen,,cup,180,,,
parsley,flat-leaf parsley;italian parsley;curly parsley,produce,,cup,7,1,bunch,
cilantro,coriander leaves;fresh coriander,produce,,cup,7,1,bunch,
basil,basil leaves;thai basil;holy basil,produce,,cup,5,1,bunch,
mint,mint leaves,produce,,cup,7,1,bunch,
dill,,produce,,,7,1,bunch,
thyme,fresh thyme,produce,,sprig,10,,,
rosemary,fresh rosemary,produce,,sprig,14,,,
sage,fresh sage,produce,,,7,,,
chives,,produce,,,7,,,
lemongrass,lemon grass,produce,,stalk,14,,,
kaffir lime leaf,makrut lime leaf;lime leaves,produce,,leaf,14,,,
chicken breast,boneless chicken breast;skinless chicken breast;chicken breasts,meat,,lb,2,,,
chicken thigh,boneless chicken thigh;chicken thighs;bone-in chicken thigh,meat,,lb,2,,,
chicken drumstick,drumstick;drumsticks,meat,,lb,2,,,
whole chicken,chicken,meat,,lb,2,,,
chicken wings,chicken wing,meat,,lb,2,,,
rotisserie chicken,,meat,,,4,,,
ground chicken,minced chicken,meat,,lb,2,1,lb,
ground turkey,minced turkey,meat,,lb,2,1,lb,
turkey breast,,meat,,lb,2,,,
ground beef,minced beef;lean ground beef;hamburger,meat,,lb,2,1,lb,
beef chuck,chuck roast;stew beef;beef stew meat,meat,,lb,3,,,
flank steak,skirt steak,meat,,lb,3,,,
steak,sirloin;ribeye;strip steak,meat,,lb,3,,,
ground pork,minced pork,meat,,lb,2,1,lb,
pork tenderloin,,meat,,lb,3,,,
pork chop,pork chops;boneless pork chop,meat,,lb,3,,,
pork shoulder,pork butt,meat,,lb,3,,,
bacon,,meat,,slice,7,12,oz,
pancetta,,meat,,oz,14,4,oz,
italian sausage,sweet italian sausage;hot italian sausage;sausage;pork sausage,meat,,lb,3,1,lb,
smoked sausage,kielbasa;andouille;andouille sausage,meat,,lb,14,,,
chorizo,,meat,,oz,14,,,
salami,genoa salami,deli,,oz,21,,,
prosciutto,,deli,,oz,14,,,
ham,,deli,,lb,7,,,
lamb,lamb shoulder;lamb leg;lamb stew meat,meat,,lb,3,,,
ground lamb,minced lamb,meat,,lb,2,1,lb,
salmon,salmon fillet;salmon fillets,seafood,,lb,2,,,
cod,cod fillet;cod fillets;white fish;haddock,seafood,,lb,2,,,
snapper,red snapper;snapper fillet;whole snapper,seafood,,lb,2,,,
shrimp,prawns;prawn;king prawns,seafood,,lb,2,1,lb,
tuna,canned tuna;tuna in water,canned,,can,730,5,oz,
egg,eggs;large egg;large eggs,dairy,,,28,12,,
egg white,egg whites,dairy,,,28,,,
egg yolk,egg yolks,dairy,,,28,,,
butter,unsalted butter;salted butter,dairy,0.96,tbsp,60,1,lb,
milk,whole milk;2% milk;skim milk,dairy,1.03,cup,7,0.5,gallon,
heavy cream,whipping cream;heavy whipping cream;double cream;cream,dairy,1.0,cup,14,1,pint,
half-and-half,half and half,dairy,1.02,cup,10,1,pint,
sour cream,,dairy,1.0,cup,14,16,oz,
greek yogurt,plain greek yogurt;yogurt;plain yogurt,dairy,1.03,cup,14,32,oz,
buttermilk,,dairy,1.03,cup,14,1,quart,
cream cheese,,dairy,1.0,oz,21,8,oz,
parmesan,parmesan cheese;parmigiano-reggiano;grated parmesan;parmigiano reggiano,dairy,0.42,cup,60,,,
pecorino,pecorino romano,dairy,0.42,cup,60,,,
mozzarella,fresh mozzarella;mozzarella cheese;shredded mozzarella;mozzarella balls;bocconcini,dairy,0.45,oz,14,8,oz,
cheddar,cheddar cheese;sharp cheddar;shredded cheddar,dairy,0.45,oz,30,8,oz,
monterey jack,jack cheese;pepper jack;mexican cheese blend;shredded mexican cheese,dairy,0.45,oz,30,8,oz,
feta,feta cheese;crumbled feta,dairy,0.45,oz,21,6,oz,
goat cheese,chevre,dairy,,oz,14,4,oz,
ricotta,ricotta cheese,dairy,1.0,cup,10,15,oz,
cottage cheese,,dairy,1.0,cup,10,16,oz,
paneer,,dairy,,oz,14,,,
ghee,clarified butter,dairy,0.91,tbsp,180,,,
niter kibbeh,ethiopian spiced butter;spiced butter;nit'ir qibe,dairy,0.91,tbsp,60,,,
sweetened condensed milk,condensed milk,canned,1.3,can,365,14,oz,
evaporated milk,,canned,1.07,can,365,12,oz,
coconut milk,full-fat coconut milk;light coconut milk;canned coconut milk,canned,0.98,can,730,13.5,oz,
all-purpose flour,flour;plain flour;ap flour,baking,0.53,cup,365,5,lb,yes
bread flour,,baking,0.55,cup,365,5,lb,
whole wheat flour,wholemeal flour,baking,0.51,cup,180,5,lb,
rye flour,dark rye flour,baking,0.43,cup,180,,,
teff flour,teff;ivory teff flour;brown teff flour,baking,0.6,cup,180,,,
almond flour,almond meal,baking,0.4,cup,180,,,
self-rising flour,self-raising flour,baking,0.53,cup,365,,,
cornmeal,polenta,baking,0.65,cup,365,,,
cornstarch,cornflour;corn starch,baking,0.54,tbsp,730,,,yes
granulated sugar,sugar;white sugar;caster sugar;superfine sugar,baking,0.85,cup,730,4,lb,yes
brown sugar,light brown sugar;dark brown sugar;packed brown sugar,baking,0.93,cup,730,2,lb,
powdered sugar,confectioners' sugar;icing sugar;confectioners sugar,baking,0.51,cup,730,2,lb,
honey,,baking,1.42,tbsp,730,,,
maple syrup,pure maple syrup,baking,1.32,tbsp,365,,,
molasses,,baking,1.4,tbsp,730,,,
golden syrup,light corn syrup;corn syrup,baking,1.38,tbsp,730,,,
baking powder,,baking,0.9,tsp,365,,,yes
baking soda,bicarbonate of soda,baking,1.1,tsp,730,,,yes
active dry yeast,dry yeast;yeast,baking,,tsp,365,,,
instant yeast,rapid-rise yeast;quick yeast,baking,,tsp,365,,,
sourdough starter,starter;levain,baking,,cup,7,,,
vanilla extract,vanilla;pure vanilla extract,baking,0.88,tsp,1825,,,yes
almond extract,,baking,,tsp,1825,,,
cocoa powder,unsweetened cocoa powder;cocoa;dutch-process cocoa,baking,0.42,tbsp,730,,,
chocolate chips,semisweet chocolate chips;chocolate chip,baking,0.72,cup,365,12,oz,
dark chocolate,bittersweet chocolate;semisweet chocolate;chocolate,baking,,oz,365,,,
licorice,licorice candy;chocolate-covered licorice;lakkris,baking,,oz,365,,,
rhubarb jam,jam;raspberry jam;fruit jam,condiments,1.3,tbsp,365,,,
gelatin,unflavored gelatin,baking,,tsp,730,,,
casein protein powder,casein powder;protein powder;chocolate casein,baking,,scoop,365,,,
rolled oats,oats;old-fashioned oats;oatmeal,grains,0.34,cup,365,,,
panko,panko breadcrumbs;panko bread crumbs,grains,0.21,cup,365,,,
breadcrumbs,bread crumbs;dry breadcrumbs,grains,0.45,cup,365,,,
white rice,rice;long-grain rice;long grain rice,grains,0.85,cup,730,5,lb,
basmati rice,basmati,grains,0.85,cup,730,,,
jasmine rice,,grains,0.85,cup,730,,,
brown rice,,grains,0.85,cup,180,,,
arborio rice,risotto rice,grains,0.85,cup,730,,,
quinoa,,grains,0.72,cup,730,,,
couscous,pearl couscous;israeli couscous,grains,0.7,cup,365,,,
bulgur,bulgur wheat,grains,0.7,cup,365,,,
pasta,spaghetti;penne;rigatoni;fusilli;linguine;fettuccine;rotini;farfalle;short pasta;dried pasta,grains,,oz,730,16,oz,
orzo,orzo pasta,grains,0.8,cup,730,16,oz,
pastina,stelline;acini di pepe,grains,,oz,730,,,
egg noodles,lo mein noodles;chinese egg noodles,grains,,oz,365,,,
rice noodles,pad thai noodles;rice stick noodles;flat rice noodles,international,,oz,730,,,
gnocchi,potato gnocchi;shelf-stable gnocchi,grains,,oz,180,16,oz,
cheese tortellini,tortellini,refrigerated,,oz,14,9,oz,
dumpling wrappers,wonton wrappers;gyoza wrappers;potsticker wrappers,refrigerated,,,14,,,
tortilla,flour tortillas;corn tortillas;tortillas,bakery,,,14,,,
pita,pita bread;pitas,bakery,,,7,,,
bread,sandwich bread;crusty bread;baguette;ciabatta,bakery,,slice,5,,,
hamburger buns,burger buns;buns,bakery,,,7,,,
injera,,bakery,,,5,,,
chickpeas,garbanzo beans;canned chickpeas,canned,,can,730,15,oz,
black beans,canned black beans,canned,,can,730,15,oz,
kidney beans,red kidney beans,canned,,can,730,15,oz,
cannellini beans,white beans;great northern beans;navy beans,canned,,can,730,15,oz,
pinto beans,,canned,,can,730,15,oz,
refried beans,,canned,,can,730,16,oz,
red lentils,split red lentils;masoor dal,grains,0.8,cup,730,,,
brown lentils,lentils;green lentils,grains,0.8,cup,730,,,
french lentils,lentilles du puy;puy lentils;french green lentils,grains,0.8,cup,730,,,
diced tomatoes,canned diced tomatoes;fire-roasted diced tomatoes,canned,,can,730,14.5,oz,
crushed tomatoes,canned crushed tomatoes,canned,,can,730,28,oz,
whole tomatoes,canned whole tomatoes;whole peeled tomatoes;san marzano tomatoes,canned,,can,730,28,oz,
chopped tomatoes,canned chopped tomatoes,canned,,can,730,14,oz,
tomato sauce,,canned,1.03,can,730,15,oz,
tomato paste,,canned,1.1,tbsp,730,6,oz,
enchilada sauce,red enchilada sauce;green enchilada sauce,canned,1.03,cup,730,10,oz,
salsa,,condiments,1.0,cup,30,16,oz,
chipotle in adobo,chipotle peppers in adobo;chipotles in adobo;chipotle pepper,canned,,,30,7,oz,
green chiles,diced green chiles,canned,,can,730,4,oz,
roasted red peppers,jarred roasted red peppers,canned,,jar,365,12,oz,
marinated artichoke hearts,artichoke hearts;artichokes,canned,,jar,365,12,oz,
olives,kalamata olives;black olives;green olives;castelvetrano olives,canned,,cup,365,,,
capers,,condiments,,tbsp,365,,,
pumpkin puree,canned pumpkin,canned,1.0,can,730,15,oz,
chicken broth,chicken stock;low-sodium chicken broth;chicken bouillon,canned,1.0,cup,365,32,oz,
beef broth,beef stock,canned,1.0,cup,365,32,oz,
vegetable broth,vegetable stock;veggie broth,canned,1.0,cup,365,32,oz,
water,,pantry,1.0,cup,,,,yes
olive oil,extra-virgin olive oil;extra virgin olive oil;evoo,oils,0.92,tbsp,365,,,yes
vegetable oil,neutral oil;canola oil;sunflower oil;grapeseed oil;avocado oil,oils,0.92,tbsp,365,,,yes
sesame oil,toasted sesame oil,oils,0.92,tsp,365,,,
coconut oil,,oils,0.92,tbsp,730,,,
cooking spray,nonstick cooking spray;nonstick spray,oils,,,730,,,yes
balsamic vinegar,balsamic,oils,1.05,tbsp,1095,,,
red wine vinegar,,oils,1.01,tbsp,1095,,,
white wine vinegar,champagne vinegar,oils,1.01,tbsp,1095,,,
apple cider vinegar,cider vinegar,oils,1.01,tbsp,1095,,,
rice vinegar,rice wine vinegar,oils,1.01,tbsp,1095,,,
white vinegar,distilled vinegar,oils,1.01,tbsp,1095,,,
soy sauce,low-sodium soy sauce;tamari;light soy sauce,condiments,1.1,tbsp,730,,,
dark soy sauce,,condiments,1.2,tbsp,730,,,
fish sauce,,condiments,1.2,tbsp,730,,,
oyster sauce,,condiments,1.2,tbsp,365,,,
hoisin sauce,hoisin,condiments,1.2,tbsp,365,,,
shaoxing wine,chinese cooking wine;rice wine,condiments,1.0,tbsp,365,,,
mirin,,condiments,1.1,tbsp,365,,,
sriracha,,condiments,1.1,tsp,365,,,
hot sauce,,condiments,1.0,tsp,730,,,
tamarind paste,tamarind concentrate;tamarind,international,1.2,tbsp,365,,,
thai red curry paste,red curry paste,international,,tbsp,365,,,
thai green curry paste,green curry paste,international,,tbsp,365,,,
harissa,,international,,tbsp,180,,,
tahini,,condiments,1.0,tbsp,365,,,
peanut butter,creamy peanut butter;natural peanut butter,condiments,1.08,tbsp,180,,,
dijon mustard,dijon;mustard,condiments,1.05,tsp,365,,,
whole grain mustard,grainy mustard,condiments,1.05,tsp,365,,,
mayonnaise,mayo,condiments,0.91,tbsp,60,,,
ketchup,,condiments,1.15,tbsp,180,,,
worcestershire sauce,worcestershire,condiments,1.1,tsp,730,,,
barbecue sauce,bbq sauce,condiments,1.1,tbsp,180,,,
pesto,basil pesto,condiments,1.0,tbsp,7,,,
marinara sauce,pasta sauce;tomato-basil sauce,canned,1.03,cup,365,24,oz,
salt,table salt;fine salt;sea salt,spices,1.2,tsp,,,,yes
kosher salt,coarse salt,spices,0.54,tsp,,,,yes
black pepper,pepper;ground black pepper;freshly ground black pepper;black peppercorns,spices,0.46,tsp,,,,yes
red pepper flakes,crushed red pepper;chili flakes;crushed red pepper flakes,spices,,tsp,730,,,yes
cayenne pepper,cayenne,spices,,tsp,730,,,yes
paprika,sweet paprika,spices,,tsp,730,,,yes
smoked paprika,pimenton,spices,,tsp,730,,,yes
chili powder,,spices,,tsp,730,,,yes
cumin,ground cumin,spices,,tsp,730,,,yes
cumin seeds,whole cumin,spices,,tsp,730,,,
coriander,ground coriander,spices,,tsp,730,,,yes
coriander seeds,,spices,,tsp,730,,,
turmeric,ground turmeric,spices,,tsp,730,,,yes
cinnamon,ground cinnamon,spices,,tsp,730,,,yes
cinnamon stick,cinnamon sticks,spices,,stick,730,,,
cardamom,ground cardamom,spices,,tsp,730,,,yes
cardamom pods,green cardamom pods;whole cardamom,spices,,,730,,,
cloves (spice),ground cloves;whole cloves,spices,,tsp,730,,,yes
nutmeg,ground nutmeg;freshly grated nutmeg,spices,,tsp,730,,,yes
allspice,ground allspice,spices,,tsp,730,,,yes
ginger (ground),ground ginger,spices,,tsp,730,,,yes
fenugreek,fenugreek seeds;ground fenugreek,spices,,tsp,730,,,
garam masala,,spices,,tsp,730,,,yes
curry powder,,spices,,tsp,730,,,yes
berbere,berbere spice;berbere spice blend,spices,,tbsp,365,,,
mitmita,,spices,,tsp,365,,,
za'atar,zaatar,spices,,tsp,365,,,
sumac,,spices,,tsp,365,,,
ras el hanout,,spices,,tsp,365,,,
cajun seasoning,creole seasoning,spices,,tsp,730,,,yes
italian seasoning,,spices,,tsp,730,,,yes
taco seasoning,,spices,,tbsp,730,,,
oregano,dried oregano,spices,,tsp,730,,,yes
basil (dried),dried basil,spices,,tsp,730,,,yes
thyme (dried),dried thyme,spices,,tsp,730,,,yes
rosemary (dried),dried rosemary,spices,,tsp,730,,,yes
dill (dried),dried dill;dill weed,spices,,tsp,730,,,
bay leaf,bay leaves;dried bay leaf,spices,,leaf,730,,,yes
garlic powder,granulated garlic,spices,,tsp,730,,,yes
onion powder,,spices,,tsp,730,,,yes
mustard powder,dry mustard;ground mustard,spices,,tsp,730,,,yes
chinese five-spice,five-spice powder;five spice,spices,,tsp,730,,,
star anise,,spices,,,730,,,
saffron,saffron threads,spices,,pinch,730,,,
sesame seeds,,spices,,tbsp,365,,,
nutritional yeast,,spices,,tbsp,365,,,
bouillon cube,stock cube;bouillon,spices,,cube,730,,,
espresso powder,instant espresso;instant coffee,baking,,tsp,730,,,
walnuts,walnut halves;chopped walnuts,nuts,0.47,cup,180,,,
pecans,pecan halves,nuts,0.45,cup,180,,,
almonds,sliced almonds;slivered almonds;whole almonds,nuts,0.55,cup,180,,,
pistachios,shelled pistachios,nuts,0.52,cup,180,,,
pine nuts,pignoli,nuts,0.55,cup,180,,,
cashews,raw cashews,nuts,0.55,cup,180,,,
peanuts,roasted peanuts,nuts,0.6,cup,180,,,
dried apricots,apricots,nuts,0.55,cup,365,,,
raisins,golden raisins;sultanas,nuts,0.65,cup,365,,,
dried cranberries,craisins,nuts,0.5,cup,365,,,
dates,medjool dates,nuts,,,180,,,
shredded coconut,desiccated coconut;coconut flakes,nuts,0.35,cup,180,,,
whiskey,whisky;bourbon,beverages,0.94,cup,,,,
red wine,dry red wine,beverages,0.99,cup,,,,
white wine,dry white wine,beverages,0.99,cup,,,,
beer,,beverages,1.01,cup,,,,
coffee,brewed coffee;strong coffee,beverages,1.0,cup,,,,
orange juice,,beverages,1.04,cup,7,,,
tofu,firm tofu;extra-firm tofu,refrigerated,,oz,7,14,oz,
hummus,,refrigerated,,cup,7,10,oz,
frozen spinach,chopped frozen spinach,frozen,,oz,180,10,oz,
frozen mixed vegetables,mixed vegetables;frozen vegetables,frozen,,cup,180,12,oz,
ice cream,vanilla ice cream,frozen,,cup,90,,,
